{"cameraMode":{"drawMode":0,"name":"Shaded","section":"Shading Mode"},"sceneLighting":true,"audioPlay":false,"sceneViewState":{"m_AlwaysRefresh":false,"showFog":true,"showSkybox":true,"showFlares":true,"showImageEffects":true,"showParticleSystems":true,"showVisualEffectGraphs":true,"m_FxEnabled":true},"in2DMode":false,"pivot":{"x":-58.520843505859378,"y":12.956550598144532,"z":81.1429443359375},"rotation":{"x":-0.005493499804288149,"y":0.9796158075332642,"z":0.027048686519265176,"w":0.1992567926645279},"size":3.7066497802734377,"orthographic":false}