{"cameraMode":{"drawMode":0,"name":"Shaded","section":"Shading Mode"},"sceneLighting":true,"audioPlay":false,"sceneViewState":{"m_AlwaysRefresh":false,"showFog":true,"showSkybox":true,"showFlares":true,"showImageEffects":true,"showParticleSystems":true,"showVisualEffectGraphs":true,"m_FxEnabled":true},"in2DMode":false,"pivot":{"x":-80.49163818359375,"y":0.4255908727645874,"z":105.48946380615235},"rotation":{"x":0.026283929124474527,"y":-0.09221025556325913,"z":0.002422693418338895,"w":0.995432436466217},"size":79.26271057128906,"orthographic":false}