{"cameraMode":{"drawMode":0,"name":"Shaded","section":"Shading Mode"},"sceneLighting":true,"audioPlay":false,"sceneViewState":{"m_AlwaysRefresh":false,"showFog":true,"showSkybox":true,"showFlares":true,"showImageEffects":true,"showParticleSystems":true,"showVisualEffectGraphs":true,"m_FxEnabled":true},"in2DMode":false,"pivot":{"x":2.0068187713623049,"y":1.7380766868591309,"z":-9.258126258850098},"rotation":{"x":0.04453655332326889,"y":0.9536653161048889,"z":-0.17828090488910676,"w":0.23823650181293488},"size":27.006107330322267,"orthographic":false}