{"cameraMode":{"drawMode":0,"name":"Shaded","section":"Shading Mode"},"sceneLighting":true,"audioPlay":false,"sceneViewState":{"m_AlwaysRefresh":false,"showFog":true,"showSkybox":true,"showFlares":true,"showImageEffects":true,"showParticleSystems":true,"showVisualEffectGraphs":true,"m_FxEnabled":true},"in2DMode":false,"pivot":{"x":48.61000061035156,"y":8.84000015258789,"z":-16.579999923706056},"rotation":{"x":0.005236538127064705,"y":0.9870489835739136,"z":-0.1570725440979004,"w":0.03288132697343826},"size":1.5155725479125977,"orthographic":false}